Tên_sản_phẩm;Giá;Hãng;Mô tả;img_link
Supreme x Nike SB Dunk Low;12500000;Nike;Phiên bản giới hạn kết hợp giữa Supreme và Nike SB, chất liệu cao cấp.;anh_sp\Nike\Giày Nike Air Force 1 Low ‘Valentine’s Day’ IQ4937-161_4090000.jpg
Adidas Samba OG 'Midnight';4200000;Adidas;Phối màu đặc biệt dành riêng cho mùa lễ hội, chất lượng hoàn thiện tuyệt đối.;anh_sp\Adidas\Giày Samba OG_270000.jpg
Puma Deviate Nitro 3 Special;5500000;Puma;Công nghệ Nitro cao cấp nhất giúp phản hồi năng lượng cực tốt trong mọi hành trình.;anh_sp\Puma\Giày Chạy Bộ Nam Puma Deviate Nitro 3 - Xanh Lá_3950000.jpg
Mizuno Alpha III 'Gold';6800000;Mizuno;Phiên bản giới hạn với các chi tiết mạ vàng sang trọng dành cho các cầu thủ hàng đầu.;anh_sp\Mizuno\MIZUNO α III ELITE AS_3600000.jpg
Nike Air Jordan 1 Retro High;4500000;Nike;Mẫu giày bóng rổ huyền thoại của Michael Jordan, làm điên đảo mọi sneakerhead.;anh_sp\Nike\Giày Nike Air Zoom Spiridon Cage 2 White CJ1288-100_4290000.jpg
Adidas Yeezy Boost 350 V2;7500000;Adidas;Thiết kế đình đám hợp tác cùng Kanye West mang lại sự êm ái tuyệt đối trên từng bước chân.;anh_sp\Adidas\Giày Adidas Pureboost 5 Nam - Xám Cam_2890000.jpg
Biti's Hunter Street x Marvel;1200000;Bitis;Phiên bản hợp tác đặc biệt mừng vũ trụ điện ảnh Marvel cực cháy.;anh_sp\Bitis\Giày Thể Thao Biti's Nam Soulmate Màu Đen BSM004400DEN_545000.jpg
Puma RS-X Toys;2800000;Puma;Thiết kế chunky retro đầy màu sắc, khuấy đảo phong cách đường phố.;anh_sp\Puma\GIÀY PUMA SMASH V2 NAM - TRẮNG ĐỎ_1590000.jpg
Giày Atlanta;2500000;Adidas;;anh_sp\Adidas\Giày Atlanta_2500000.jpg
GIÀY BREAK START;1400000;Adidas;;anh_sp\Adidas\GIÀY BREAK START_1400000.jpg
GIÀY CLIMACOOL SPW;2800000;Adidas;;anh_sp\Adidas\GIÀY CLIMACOOL SPW_2800000.jpg
Giày Chạy Bộ Galaxy 7;1800000;Adidas;;anh_sp\Adidas\Giày Chạy Bộ Galaxy 7_1800000.jpg
Giày Đá Bóng Sân Cỏ Nhân Tạo F50 CLUB;1600000;Adidas;;anh_sp\Adidas\Giày Đá Bóng Sân Cỏ Nhân Tạo F50 CLUB_1600000.jpg
Giày GRAND COURT 3.0;2000000;Adidas;;anh_sp\Adidas\Giày GRAND COURT 3.0_2000000.jpg
GIÀY HANDBALL SPEZIAL;2700000;Adidas;;anh_sp\Adidas\GIÀY HANDBALL SPEZIAL_2700000.jpg
Giày R71;1900000;Adidas;;anh_sp\Adidas\Giày R71_1900000.jpg
GIÀY SAMBA 62 SUPER;2700000;Adidas;;anh_sp\Adidas\GIÀY SAMBA 62 SUPER_2700000.jpg
Giày Samba OG;270000;Adidas;;anh_sp\Adidas\Giày Samba OG_270000.jpg
Giày Adidas Duramo Speed 2 Nam - Xanh Navy;2290000;Adidas;;anh_sp\Adidas\Giày Adidas Duramo Speed 2 Nam - Xanh Navy_2290000.jpg
GIÀY ADIDAS GRAND COURT 3.0 NAM - ĐEN TRẮNG;1790000;Adidas;;anh_sp\Adidas\GIÀY ADIDAS GRAND COURT 3.0 NAM - ĐEN TRẮNG_1790000.jpg
Giày Adidas Grand Court 3.0 Nam - Đen;1790000;Adidas;;anh_sp\Adidas\Giày Adidas Grand Court 3.0 Nam - Đen_1790000.jpg
Giày Adidas Pureboost 5 Nam - Xám Cam;2890000;Adidas;;anh_sp\Adidas\Giày Adidas Pureboost 5 Nam - Xám Cam_2890000.jpg
Giày Adidas Pureboost 5 Nam - Xám Trắng;2890000;Adidas;;anh_sp\Adidas\Giày Adidas Pureboost 5 Nam - Xám Trắng_2890000.jpg
Giày Adidas Response 2 Nam - Đen Trắng;1790000;Adidas;;anh_sp\Adidas\Giày Adidas Response 2 Nam - Đen Trắng_1790000.jpg
Giày Adidas Response 2 Nam - Xám;1790000;Adidas;;anh_sp\Adidas\Giày Adidas Response 2 Nam - Xám_1790000.jpg
GIÀY ADIDAS ULTRARUN 5 NAM - XANH XÁM;1990000;Adidas;;anh_sp\Adidas\GIÀY ADIDAS ULTRARUN 5 NAM - XANH XÁM_1990000.jpg
Giày Adidas VL Court 3.0 Nam - Trắng Nâu;1590000;Adidas;;"anh_sp\Adidas\Giày Adidas VL Court 3.0 Nam - Trắng Nâu_1590000.jpg"""
GIÀY ADIDAS VL COURT 3.0 NAM - TRẮNG XANH NÂU;1690000;Adidas;;anh_sp\Adidas\GIÀY ADIDAS VL COURT 3.0 NAM - TRẮNG XANH NÂU_1690000.jpg
Giày Samba OG;270000;Adidas;;anh_sp\Adidas\Giày Samba OG_270000.jpg
Giày Thể Thao Biti's Basic Nam BSM000600;376000;Bitis;;anh_sp\Bitis\Giày Thể Thao Biti's Basic Nam BSM000600_376000.jpg
Giày Thể Thao Biti's Nam Màu Đen BSM004300DEN;500000;Bitis;;anh_sp\Bitis\Giày Thể Thao Biti's Nam Màu Đen BSM004300DEN_500000.jpg
Giày Thể Thao Biti's Nam Màu Nâu BSM004600NAU;385000;Bitis;;anh_sp\Bitis\Giày Thể Thao Biti's Nam Màu Nâu BSM004600NAU_385000.jpg
Giày Thể Thao Biti's Nam Màu Xanh Nhớt BSM004700XNH;765000;Bitis;;"anh_sp\Bitis\Giày Thể Thao Biti's Nam Màu Xanh Nhớt BSM004700XNH_765000.jpg"""
Giày Thể Thao Biti's Nam Soulmate Màu Trắng BSM004400TRG;545000;Bitis;;anh_sp\Bitis\Giày Thể Thao Biti's Nam Soulmate Màu Trắng BSM004400TRG_545000.jpg
Giày Thể Thao Eva Biti's Nam Màu Đen BSM002901DEN;300000;Bitis;;anh_sp\Bitis\Giày Thể Thao Eva Biti's Nam Màu Đen BSM002901DEN_300000.jpg
Sandal Biti's Hunter Nam Màu Đen HEM001600DEN;465000;Bitis;;anh_sp\Bitis\Sandal Biti's Hunter Nam Màu Đen HEM001600DEN_465000.jpg
Sandal Biti's Hunter Nam Màu Đen HEM001700DEN;565000;Bitis;;anh_sp\Bitis\Sandal Biti's Hunter Nam Màu Đen HEM001700DEN_565000.jpg
Sandal Biti's Nam Màu Đen BDM002177DEN;495000;Bitis;;anh_sp\Bitis\Sandal Biti's Nam Màu Đen BDM002177DEN_495000.jpg
Sandal Biti's Nam Màu Xám BRM003000XAM;365000;Bitis;;anh_sp\Bitis\Sandal Biti's Nam Màu Xám BRM003000XAM_365000.jpg
Giày Thể Thao Biti's Nam DSM074500;366000;Bitis;;anh_sp\Bitis\Giày Thể Thao Biti's Nam DSM074500_366000.jpg
Giày Thể Thao Biti's Nam BSM000900;766000;Bitis;;anh_sp\Bitis\Giày Thể Thao Biti's Nam BSM000900_766000.jpg
Giày Thể Thao Biti's Nam BSM000701;436000;Bitis;;anh_sp\Bitis\Giày Thể Thao Biti's Nam BSM000701_436000.jpg
Giày Thể Thao Biti's Nam BSM003900;376000;Bitis;;anh_sp\Bitis\Giày Thể Thao Biti's Nam BSM003900_376000.jpg
Giày Thể Thao Biti's Nam Màu Xám BSM004000XAM;366000;Bitis;;anh_sp\Bitis\Giày Thể Thao Biti's Nam Màu Xám BSM004000XAM_366000.jpg
Giày Thể Thao Biti's Nam Màu Xanh Nhớt BSM004000XNH;366000;Bitis;;anh_sp\Bitis\Giày Thể Thao Biti's Nam Màu Xanh Nhớt BSM004000XNH_366000.jpg
Giày Thể Thao Biti's Nam Màu Xám BSM003700XAM;765000;Bitis;;anh_sp\Bitis\Giày Thể Thao Biti's Nam Màu Xám BSM003700XAM_765000.jpg
Giày Thể Thao Biti's Nam Màu Trắng BSM003700TRG;780000;Bitis;;anh_sp\Bitis\Giày Thể Thao Biti's Nam Màu Trắng BSM003700TRG_780000.jpg
Giày Thể Thao Biti's Nam Màu Xanh Nhớt BSM003700XNH;780000;Bitis;;anh_sp\Bitis\Giày Thể Thao Biti's Nam Màu Xanh Nhớt BSM003700XNH_780000.jpg
Giày Thể Thao Biti's Nam Soulmate Màu Đen BSM004400DEN;545000;Bitis;;anh_sp\Bitis\Giày Thể Thao Biti's Nam Soulmate Màu Đen BSM004400DEN_545000.jpg
HYPERWARP PURE;6000000;Mizuno;;anh_sp\Mizuno\HYPERWARP PURE_6000000.jpg
MIZUNO NEO LUMINA;280000;Mizuno;;anh_sp\Mizuno\MIZUNO NEO LUMINA_2800000.jpg
MIZUNO α III ELITE AS;360000;Mizuno;;anh_sp\Mizuno\MIZUNO α III ELITE AS_3600000.jpg
MIZUNO α III SELECT JR;220000;Mizuno;;anh_sp\Mizuno\MIZUNO α III SELECT JR_2200000.jpg
MORELIA II JAPAN;450000;Mizuno;;anh_sp\Mizuno\MORELIA II JAPAN_4500000.jpg
MORELIA NEO SALA β JAPAN TF;450000;Mizuno;;anh_sp\Mizuno\MORELIA NEO SALA β JAPAN TF_4500000.jpg
MORELIA SALA PRO TF;240000;Mizuno;;anh_sp\Mizuno\MORELIA SALA PRO TF_2400000.jpg
WAVE EXCEED TOUR 7 AC;360000;Mizuno;;anh_sp\Mizuno\WAVE EXCEED TOUR 7 AC_3600000.jpg
WAVE MOMENTUM ELITE MID;320000;Mizuno;;anh_sp\Mizuno\WAVE MOMENTUM ELITE MID_3200000.jpg
WAVE MUJIN 11;370000;Mizuno;;anh_sp\Mizuno\WAVE MUJIN 11_3700000.jpg
Giày Cầu Lông Mizuno Gate Sky Plus 3;1800000;Mizuno;;anh_sp\Mizuno\Giày Cầu Lông Mizuno Gate Sky Plus 3_1800000.webp
Giày Cầu Lông Mizuno Wave Claw 2;2100000;Mizuno;;anh_sp\Mizuno\Giày Cầu Lông Mizuno Wave Claw 2_2100000.webp
Giày Cầu Lông Mizuno Wave Fang 2;2750000;Mizuno;;anh_sp\Mizuno\Giày Cầu Lông Mizuno Wave Fang 2_2750000.webp
Giày Cầu Lông Mizuno Wave Claw 3;3035000;Mizuno;;anh_sp\Mizuno\Giày Cầu Lông Mizuno Wave Claw 3_3035000.webp
Giày Cầu Lông Mizuno Wave Claw Pro 2;3900000;Mizuno;;anh_sp\Mizuno\Giày Cầu Lông Mizuno Wave Claw Pro 2_3900000.webp
Giày Cầu Lông Mizuno Wave Claw 4;2750000;Mizuno;;anh_sp\Mizuno\Giày Cầu Lông Mizuno Wave Claw 4_2750000.webp
Giày Mizuno Wave Drive 9;2750000;Mizuno;;anh_sp\Mizuno\Giày Mizuno Wave Drive 9_2750000.webp
Giày Mizuno Wave Medal Neo;2900000;Mizuno;;anh_sp\Mizuno\Giày Mizuno Wave Medal Neo_2900000.webp
Mizuno Unisex Adult Wave Dimension;2896000;Mizuno;;anh_sp\Mizuno\Mizuno Unisex Adult Wave Dimension_2896000.jpg
Giày Cầu Lông Mizuno Sky Blaster 3;1525000;Mizuno;;anh_sp\Mizuno\Giày Cầu Lông Mizuno Sky Blaster 3_1525000.webp
Giày Nike Air Force 1 Easter Basket IB5722-100;3590000;Nike;;anh_sp\Nike\Giày Nike Air Force 1 Easter Basket IB5722-100_3590000.jpg
Giày Nike Air Force 1 Low ‘Valentine’s Day’ IQ4937-161;4090000;Nike;;anh_sp\Nike\Giày Nike Air Force 1 Low ‘Valentine’s Day’ IQ4937-161_4090000.jpg
Giày Nike Air Max Alpha Trainer 5 ‘Cargo Khaki Safety Orange’ DM0829-300;3290000;Nike;;anh_sp\Nike\Giày Nike Air Max Alpha Trainer 5 ‘Cargo Khaki Safety Orange’ DM0829-300_3290000.jpg
Giày Nike Air Zoom Infinify Tour 2 ‘Black White Vapor Green’ FD0218-002;8590000;Nike;;anh_sp\Nike\Giày Nike Air Zoom Infinify Tour 2 ‘Black White Vapor Green’ FD0218-002_8590000.jpg
Giày Nike Air Zoom Spiridon Cage 2 White CJ1288-100;4290000;Nike;;anh_sp\Nike\Giày Nike Air Zoom Spiridon Cage 2 White CJ1288-100_4290000.jpg
Giày Nike Court Royale 2 Next Nature DH3160-101;2890000;Nike;;anh_sp\Nike\Giày Nike Court Royale 2 Next Nature DH3160-101_2890000.jpg
Giày Nike Free Metcon 5 ‘Pink Oxford’ DV3950-600;4290000;Nike;;anh_sp\Nike\Giày Nike Free Metcon 5 ‘Pink Oxford’ DV3950-600_4290000.jpg
Giày Nike Invincible Run 3 ‘White Vivid Sulfur’ (WMNS) DR2660-101;6290000;Nike;;anh_sp\Nike\Giày Nike Invincible Run 3 ‘White Vivid Sulfur’ (WMNS) DR2660-101_6290000.jpg
Giày Nike Phantom GT Academy DF TF ‘Blue’ CW6666-400;3490000;Nike;;anh_sp\Nike\Giày Nike Phantom GT Academy DF TF ‘Blue’ CW6666-400_3490000.jpg
Giày Nike Zoom Mercurial Superfly 9 Academy KM TF ‘Baltic Blue’ DO9347-400;3690000;Nike;;anh_sp\Nike\Giày Nike Zoom Mercurial Superfly 9 Academy KM TF ‘Baltic Blue’ DO9347-400_3690000.jpg
GIÀY NIKE REVOLUTION 8 NAM - XÁM CAM;1990000;Nike;;anh_sp\Nike\GIÀY NIKE REVOLUTION 8 NAM - XÁM CAM_1990000.jpg
GIÀY NIKE REVOLUTION 8 EASYON NAM - ĐEN TRẮNG;2090000;Nike;;anh_sp\Nike\GIÀY NIKE REVOLUTION 8 EASYON NAM - ĐEN TRẮNG_2090000.jpg
GIÀY NIKE VOMERO 18 EXTRA WIDE NAM - ĐEN TRẮNG;4190000;Nike;;anh_sp\Nike\GIÀY NIKE VOMERO 18 EXTRA WIDE NAM - ĐEN TRẮNG_4190000.jpg
GIÀY NIKE BLAZER LOW '77 VINTAGE NAM - TRẮNG ĐEN;2590000;Nike;;anh_sp\Nike\GIÀY NIKE BLAZER LOW '77 VINTAGE NAM - TRẮNG ĐEN_2590000.jpg
GIÀY NIKE BLAZER LOW '77 VINTAGE NAM - ĐEN TRẮNG;2590000;Nike;;anh_sp\Nike\GIÀY NIKE BLAZER LOW '77 VINTAGE NAM - ĐEN TRẮNG_2590000.jpg
Giày Nike Quest 6 Nam - Xám Cam;2390000;Nike;;anh_sp\Nike\Giày Nike Quest 6 Nam - Xám Cam_2390000.jpg
GIÀY NIKE DOWNSHIFTER 14 NAM - TRẮNG XANH;2290000;Nike;;anh_sp\Nike\GIÀY NIKE DOWNSHIFTER 14 NAM - TRẮNG XANH_2290000.jpg
GIÀY PICKLEBALL TENNIS NIKE VAPOR LITE 3 NAM - TRẮNG XANH ĐEN;2490000;Nike;;anh_sp\Nike\GIÀY PICKLEBALL TENNIS NIKE VAPOR LITE 3 NAM - TRẮNG XANH ĐEN_2490000.jpg
GIÀY PICKLEBALL TENNIS NIKE VAPOR LITE 3 NAM - XANH XÁM;2490000;Nike;;anh_sp\Nike\GIÀY PICKLEBALL TENNIS NIKE VAPOR LITE 3 NAM - XANH XÁM_2490000.jpg
GIÀY NIKE DOWNSHIFTER 14 NAM - TRẮNG ĐEN;2290000;Nike;;anh_sp\Nike\GIÀY NIKE DOWNSHIFTER 14 NAM - TRẮNG ĐEN_2290000.jpg
Giày Chạy Bộ Nam Puma Darter Pro 2 - Đen;1700000;Puma;;"anh_sp\Puma\Giày Chạy Bộ Nam Puma Darter Pro 2 - Đen_1700000.jpg"""
Giày Chạy Bộ Nam Puma Deviate Nitro 3 - Xanh Lá;3950000;Puma;;anh_sp\Puma\Giày Chạy Bộ Nam Puma Deviate Nitro 3 - Xanh Lá_3950000.jpg
Giày Chạy Bộ Nam Puma Velocity Nitro 4 - Đen;3350000;Puma;;anh_sp\Puma\Giày Chạy Bộ Nam Puma Velocity Nitro 4 - Đen_3350000.jpg
Giày Chạy Bộ Nữ Puma Darter Pro 2 - Trắng;1700000;Puma;;anh_sp\Puma\Giày Chạy Bộ Nữ Puma Darter Pro 2 - Trắng_1700000.jpg
Giày Chạy Bộ Nữ Puma Deviate Nitro 3 - Be;3950000;Puma;;anh_sp\Puma\Giày Chạy Bộ Nữ Puma Deviate Nitro 3 - Be_3950000.jpg
Giày Chạy Bộ Nữ Puma Deviate Nitro 4 - Vàng Chanh;4200000;Puma;;anh_sp\Puma\Giày Chạy Bộ Nữ Puma Deviate Nitro 4 - Vàng Chanh_4200000.jpg
Giày Chạy Bộ Nữ Puma Deviate Nitro Elite 4 - Xanh Mint;5950000;Puma;;anh_sp\Puma\Giày Chạy Bộ Nữ Puma Deviate Nitro Elite 4 - Xanh Mint_5950000.jpg
Giày Chạy Bộ Nữ Puma Velocity Nitro 4 - Trắng;3350000;Puma;;anh_sp\Puma\Giày Chạy Bộ Nữ Puma Velocity Nitro 4 - Trắng_3350000.jpg
Giày Đá Bóng Sân Cỏ Nhân Tạo Nam Puma Future 9 Match Tt - Đỏ;2100000;Puma;;anh_sp\Puma\Giày Đá Bóng Sân Cỏ Nhân Tạo Nam Puma Future 9 Match Tt - Đỏ_2100000.jpg
Giày Đá Bóng Sân Cỏ Nhân Tạo Nam Puma Ultra 6 Match Tt - Xanh Lá;2100000;Puma;;anh_sp\Puma\Giày Đá Bóng Sân Cỏ Nhân Tạo Nam Puma Ultra 6 Match Tt - Xanh Lá_2100000.jpg
GIÀY PUMA DRIBBLE NAM - TRẮNG XANH;1690000;Puma;;anh_sp\Puma\GIÀY PUMA DRIBBLE NAM - TRẮNG XANH_1690000.jpg
Giày Puma Softride Astro Slip-On Nam - Đen;1890000;Puma;;anh_sp\Puma\Giày Puma Softride Astro Slip-On Nam - Đen_1890000.jpg
Giày Puma Reflect Lite Trail Nam - Đen;2490000;Puma;;anh_sp\Puma\Giày Puma Reflect Lite Trail Nam - Đen_2490000.jpg
GIÀY PUMA SMASH V2 NAM - TRẮNG XANH LÁ;1590000;Puma;;anh_sp\Puma\GIÀY PUMA SMASH V2 NAM - TRẮNG XANH LÁ_1590000.jpg
GIÀY PUMA SMASH V2 NAM - TRẮNG ĐỎ;1590000;Puma;;anh_sp\Puma\GIÀY PUMA SMASH V2 NAM - TRẮNG ĐỎ_1590000.jpg
GIÀY PUMA PWR HYBRID NAM - CAMO;1890000;Puma;;anh_sp\Puma\GIÀY PUMA PWR HYBRID NAM - CAMO_1890000.jpg
GIÀY PUMA BMW M MOTORSPORT RBD NAM - TRẮNG XANH;2290000;Puma;;anh_sp\Puma\GIÀY PUMA BMW M MOTORSPORT RBD NAM - TRẮNG XANH_2290000.jpg
GIÀY PUMA BMW M MOTORSPORT TRINITY 2 NAM - TRẮNG;2290000;Puma;;anh_sp\Puma\GIÀY PUMA BMW M MOTORSPORT TRINITY 2 NAM - TRẮNG_2290000.jpg
GIÀY PUMA BASKET CLASSIC XXI NAM - TRẮNG ĐEN;1890000;Puma;;anh_sp\Puma\GIÀY PUMA BASKET CLASSIC XXI NAM - TRẮNG ĐEN_1890000.jpg
Giày Puma Basket Classic XXI Nam - Trắng;1890000;Puma;;anh_sp\Puma\Giày Puma Basket Classic XXI Nam - Trắng_1890000.jpg
